<?xml version="1.0" encoding="UTF-8"?>
<project-private xmlns="http://www.netbeans.org/ns/project-private/1">
    <editor-bookmarks xmlns="http://www.netbeans.org/ns/editor-bookmarks/2" lastBookmarkId="0"/>
    <open-files xmlns="http://www.netbeans.org/ns/projectui-open-files/2">
        <group>
            <file>file:/C:/Users/rafael.psilva70/Downloads/SPED2%20(2)/SPED2/src/Login.java</file>
            <file>file:/C:/Users/rafael.psilva70/Downloads/SPED2%20(2)/SPED2/src/Menu.java</file>
            <file>file:/C:/Users/rafael.psilva70/Downloads/SPED2%20(2)/SPED2/src/NovoCadastro.java</file>
            <file>file:/C:/Users/rafael.psilva70/Downloads/SPED2%20(2)/SPED2/src/Clientes.java</file>
            <file>file:/C:/Users/rafael.psilva70/Downloads/SPED2%20(2)/SPED2/src/Prestadores.java</file>
            <file>file:/C:/Users/rafael.psilva70/Downloads/SPED2%20(2)/SPED2/src/Escrituracao.java</file>
        </group>
    </open-files>
</project-private>
